name,x00,y00,x10,y10,x11,y11,x01,y01
C:/Xu_ly_anh/output\anh_1_1.txt,197,184,480,184,481,222,198,224
C:/Xu_ly_anh/output\anh_1_0.txt,197,184,480,184,481,222,198,224
C:/Xu_ly_anh/output\anh_1_0.txt,197,184,480,184,481,222,198,224
C:/Xu_ly_anh/output\anh_1_0.txt,197,184,480,184,481,222,198,224
C:/Xu_ly_anh/output\anh_1_0.txt,197,184,480,184,481,222,198,224
C:/Xu_ly_anh/output\anh_1_0.txt,197,184,480,184,481,222,198,224
C:/Xu_ly_anh/output\anh_1_0.txt,197,184,480,184,481,222,198,224
C:/Xu_ly_anh/output\anh_1_0.txt,197,184,480,184,481,222,198,224
C:/Xu_ly_anh/output\anh_1_1.txt,197,184,480,184,481,222,198,224
C:/Xu_ly_anh/output\anh_1_10.txt,197,184,480,184,481,222,198,224
C:/Xu_ly_anh/output\anh_1_100.txt,198,186,475,184,475,223,199,223
C:/Xu_ly_anh/output\anh_1_101.txt,198,186,475,184,475,223,199,223
C:/Xu_ly_anh/output\anh_1_102.txt,198,186,475,184,475,223,199,223
C:/Xu_ly_anh/output\anh_1_103.txt,198,186,475,184,475,223,199,223
C:/Xu_ly_anh/output\anh_1_104.txt,198,186,475,184,475,223,199,223
C:/Xu_ly_anh/output\anh_1_105.txt,198,186,475,184,475,223,199,223
C:/Xu_ly_anh/output\anh_1_106.txt,198,186,475,184,475,223,199,223
C:/Xu_ly_anh/output\anh_1_107.txt,198,186,475,184,475,223,199,223
C:/Xu_ly_anh/output\anh_1_108.txt,198,186,475,184,475,223,199,223
C:/Xu_ly_anh/output\anh_1_109.txt,198,186,475,184,475,223,199,223
C:/Xu_ly_anh/output\anh_1_11.txt,197,183,480,183,482,223,196,224
C:/Xu_ly_anh/output\anh_1_110.txt,198,185,475,184,475,224,199,224
C:/Xu_ly_anh/output\anh_1_111.txt,198,185,475,184,475,224,199,224
C:/Xu_ly_anh/output\anh_1_112.txt,198,185,475,184,475,224,199,224
C:/Xu_ly_anh/output\anh_1_113.txt,198,185,475,184,475,224,199,224
C:/Xu_ly_anh/output\anh_1_114.txt,198,185,475,184,475,224,199,224
C:/Xu_ly_anh/output\anh_1_115.txt,198,185,475,184,475,224,199,224
C:/Xu_ly_anh/output\anh_1_116.txt,198,185,475,184,475,224,199,224
C:/Xu_ly_anh/output\anh_1_117.txt,198,185,475,184,475,224,199,224
C:/Xu_ly_anh/output\anh_1_118.txt,198,185,475,184,475,224,199,224
C:/Xu_ly_anh/output\anh_1_119.txt,198,185,475,184,475,224,199,224
C:/Xu_ly_anh/output\anh_1_12.txt,197,184,481,184,481,223,197,224
C:/Xu_ly_anh/output\anh_1_120.txt,199,186,475,185,476,223,199,224
C:/Xu_ly_anh/output\anh_1_121.txt,199,186,475,185,476,223,199,224
C:/Xu_ly_anh/output\anh_1_122.txt,199,186,475,185,476,223,199,224
C:/Xu_ly_anh/output\anh_1_123.txt,199,186,475,185,476,223,199,224
C:/Xu_ly_anh/output\anh_1_124.txt,199,186,475,185,476,223,199,224
C:/Xu_ly_anh/output\anh_1_125.txt,199,186,475,185,476,223,199,224
C:/Xu_ly_anh/output\anh_1_126.txt,213,187,486,182,487,225,213,223
C:/Xu_ly_anh/output\anh_1_127.txt,213,187,486,182,487,225,213,223
C:/Xu_ly_anh/output\anh_1_128.txt,213,187,486,182,487,225,213,223
C:/Xu_ly_anh/output\anh_1_129.txt,213,187,486,182,487,225,213,223
C:/Xu_ly_anh/output\anh_1_13.txt,198,184,481,184,481,224,197,223
C:/Xu_ly_anh/output\anh_1_130.txt,213,187,486,182,487,225,213,223
C:/Xu_ly_anh/output\anh_1_131.txt,213,187,486,182,487,225,213,223
C:/Xu_ly_anh/output\anh_1_132.txt,213,187,486,182,487,225,213,223
C:/Xu_ly_anh/output\anh_1_133.txt,213,187,486,182,487,225,213,223
C:/Xu_ly_anh/output\anh_1_134.txt,213,187,486,182,487,225,213,223
C:/Xu_ly_anh/output\anh_1_135.txt,213,187,486,182,487,225,213,223
C:/Xu_ly_anh/output\anh_1_136.txt,213,187,486,182,487,225,213,223
C:/Xu_ly_anh/output\anh_1_137.txt,213,187,486,182,487,225,213,223
C:/Xu_ly_anh/output\anh_1_138.txt,213,187,486,182,487,225,213,223
C:/Xu_ly_anh/output\anh_1_139.txt,213,187,486,182,487,225,213,223
C:/Xu_ly_anh/output\anh_1_14.txt,198,184,481,184,481,224,197,223
C:/Xu_ly_anh/output\anh_1_140.txt,213,186,486,182,486,224,213,224
C:/Xu_ly_anh/output\anh_1_141.txt,213,186,486,182,486,224,213,224
C:/Xu_ly_anh/output\anh_1_142.txt,213,186,486,182,486,224,213,224
C:/Xu_ly_anh/output\anh_1_143.txt,213,186,486,182,486,224,213,224
C:/Xu_ly_anh/output\anh_1_144.txt,213,186,486,182,486,224,213,224
C:/Xu_ly_anh/output\anh_1_145.txt,213,186,486,182,486,224,213,224
C:/Xu_ly_anh/output\anh_1_146.txt,213,186,486,182,486,224,213,224
C:/Xu_ly_anh/output\anh_1_147.txt,213,186,486,182,486,224,213,224
C:/Xu_ly_anh/output\anh_1_148.txt,213,186,486,182,486,224,213,224
C:/Xu_ly_anh/output\anh_1_149.txt,213,186,486,182,486,224,213,224
C:/Xu_ly_anh/output\anh_1_15.txt,197,184,480,182,481,224,197,224
C:/Xu_ly_anh/output\anh_1_150.txt,213,187,487,183,487,224,213,224
C:/Xu_ly_anh/output\anh_1_151.txt,213,187,487,183,487,224,213,224
C:/Xu_ly_anh/output\anh_1_152.txt,213,187,487,183,487,224,213,224
C:/Xu_ly_anh/output\anh_1_153.txt,213,187,487,183,487,224,213,224
C:/Xu_ly_anh/output\anh_1_154.txt,213,187,487,183,487,224,213,224
C:/Xu_ly_anh/output\anh_1_155.txt,213,187,487,183,487,224,213,224
C:/Xu_ly_anh/output\anh_1_156.txt,213,187,487,183,487,224,213,224
C:/Xu_ly_anh/output\anh_1_157.txt,213,187,487,183,487,224,213,224
C:/Xu_ly_anh/output\anh_1_158.txt,213,187,487,183,487,224,213,224
C:/Xu_ly_anh/output\anh_1_159.txt,213,187,487,183,487,224,213,224
C:/Xu_ly_anh/output\anh_1_16.txt,197,185,480,184,481,224,197,224
C:/Xu_ly_anh/output\anh_1_160.txt,214,186,487,183,487,224,214,223
C:/Xu_ly_anh/output\anh_1_161.txt,214,188,487,183,488,225,214,223
C:/Xu_ly_anh/output\anh_1_162.txt,214,188,487,183,488,225,214,223
C:/Xu_ly_anh/output\anh_1_163.txt,214,188,487,183,488,225,214,223
C:/Xu_ly_anh/output\anh_1_164.txt,214,188,487,183,488,225,214,223
C:/Xu_ly_anh/output\anh_1_165.txt,214,188,487,183,488,225,214,223
C:/Xu_ly_anh/output\anh_1_166.txt,214,188,487,183,488,225,214,223
C:/Xu_ly_anh/output\anh_1_167.txt,223,187,490,180,490,225,221,223
C:/Xu_ly_anh/output\anh_1_168.txt,223,187,490,180,490,225,221,223
C:/Xu_ly_anh/output\anh_1_169.txt,223,187,490,180,490,225,221,223
C:/Xu_ly_anh/output\anh_1_17.txt,197,185,480,184,481,224,197,224
C:/Xu_ly_anh/output\anh_1_170.txt,221,188,493,181,493,225,221,224
C:/Xu_ly_anh/output\anh_1_171.txt,221,188,493,181,493,225,221,224
C:/Xu_ly_anh/output\anh_1_172.txt,221,188,493,181,493,225,221,224
C:/Xu_ly_anh/output\anh_1_173.txt,221,188,493,181,493,225,221,224
C:/Xu_ly_anh/output\anh_1_174.txt,221,188,493,181,493,225,221,224
C:/Xu_ly_anh/output\anh_1_175.txt,221,188,493,181,493,225,221,224
C:/Xu_ly_anh/output\anh_1_176.txt,221,188,493,181,493,225,221,224
C:/Xu_ly_anh/output\anh_1_177.txt,221,188,493,181,493,225,221,224
C:/Xu_ly_anh/output\anh_1_178.txt,221,188,493,181,493,225,221,224
C:/Xu_ly_anh/output\anh_1_179.txt,221,188,493,181,493,225,221,224
C:/Xu_ly_anh/output\anh_1_18.txt,197,185,480,184,481,224,197,224
C:/Xu_ly_anh/output\anh_1_180.txt,222,187,490,180,491,224,222,224
C:/Xu_ly_anh/output\anh_1_181.txt,222,187,490,180,491,224,222,224
C:/Xu_ly_anh/output\anh_1_182.txt,222,187,490,180,491,224,222,224
C:/Xu_ly_anh/output\anh_1_183.txt,222,187,490,180,491,224,222,224
C:/Xu_ly_anh/output\anh_1_184.txt,222,187,490,180,491,224,222,224
C:/Xu_ly_anh/output\anh_1_185.txt,222,187,490,180,491,224,222,224
C:/Xu_ly_anh/output\anh_1_186.txt,222,187,490,180,491,224,222,224
C:/Xu_ly_anh/output\anh_1_187.txt,222,187,490,180,491,224,222,224
C:/Xu_ly_anh/output\anh_1_188.txt,222,186,490,180,491,224,222,224
C:/Xu_ly_anh/output\anh_1_189.txt,222,186,490,180,491,224,222,224
C:/Xu_ly_anh/output\anh_1_19.txt,197,184,480,184,481,223,197,224
C:/Xu_ly_anh/output\anh_1_190.txt,223,188,495,182,495,224,223,224
C:/Xu_ly_anh/output\anh_1_191.txt,223,188,495,182,495,224,223,224
C:/Xu_ly_anh/output\anh_1_192.txt,223,188,495,182,495,224,223,224
C:/Xu_ly_anh/output\anh_1_193.txt,223,188,495,182,495,224,223,224
C:/Xu_ly_anh/output\anh_1_194.txt,223,188,495,182,495,224,223,224
C:/Xu_ly_anh/output\anh_1_195.txt,223,188,495,182,495,224,223,224
C:/Xu_ly_anh/output\anh_1_196.txt,223,188,495,182,495,224,223,224
C:/Xu_ly_anh/output\anh_1_197.txt,223,188,495,182,495,224,223,224
C:/Xu_ly_anh/output\anh_1_198.txt,223,188,495,182,495,224,223,224
C:/Xu_ly_anh/output\anh_1_199.txt,223,188,495,182,495,224,223,224
C:/Xu_ly_anh/output\anh_1_2.txt,197,184,480,184,481,223,197,224
C:/Xu_ly_anh/output\anh_1_20.txt,197,184,482,185,482,223,198,224
C:/Xu_ly_anh/output\anh_1_200.txt,223,188,495,182,495,224,223,224
C:/Xu_ly_anh/output\anh_1_201.txt,223,188,495,182,495,224,223,224
C:/Xu_ly_anh/output\anh_1_202.txt,223,188,495,182,495,224,223,224
C:/Xu_ly_anh/output\anh_1_203.txt,223,188,495,182,495,224,223,224
C:/Xu_ly_anh/output\anh_1_204.txt,223,188,495,182,495,224,223,224
C:/Xu_ly_anh/output\anh_1_205.txt,223,188,495,182,495,224,223,224
C:/Xu_ly_anh/output\anh_1_206.txt,223,188,495,182,495,224,223,224
C:/Xu_ly_anh/output\anh_1_207.txt,223,188,495,182,495,224,223,224
C:/Xu_ly_anh/output\anh_1_208.txt,223,188,495,182,495,224,223,224
C:/Xu_ly_anh/output\anh_1_209.txt,223,188,495,182,495,224,223,224
C:/Xu_ly_anh/output\anh_1_21.txt,196,184,481,186,482,224,197,223
C:/Xu_ly_anh/output\anh_1_210.txt,221,188,492,180,492,226,221,225
C:/Xu_ly_anh/output\anh_1_211.txt,221,188,492,180,492,226,221,225
C:/Xu_ly_anh/output\anh_1_212.txt,221,188,492,180,492,226,221,225
C:/Xu_ly_anh/output\anh_1_213.txt,221,188,492,180,492,226,221,225
C:/Xu_ly_anh/output\anh_1_214.txt,199,182,474,185,474,222,198,223
C:/Xu_ly_anh/output\anh_1_215.txt,197,183,474,187,474,222,197,223
C:/Xu_ly_anh/output\anh_1_216.txt,197,183,474,187,474,222,197,223
C:/Xu_ly_anh/output\anh_1_217.txt,197,183,474,187,474,222,197,223
C:/Xu_ly_anh/output\anh_1_218.txt,197,183,474,187,474,222,197,223
C:/Xu_ly_anh/output\anh_1_219.txt,197,183,474,187,474,222,197,223
C:/Xu_ly_anh/output\anh_1_22.txt,196,183,482,184,482,223,196,223
C:/Xu_ly_anh/output\anh_1_220.txt,198,183,472,186,472,222,198,225
C:/Xu_ly_anh/output\anh_1_221.txt,198,183,472,186,472,222,198,225
C:/Xu_ly_anh/output\anh_1_222.txt,198,183,472,186,472,222,198,225
C:/Xu_ly_anh/output\anh_1_223.txt,198,183,472,186,472,222,198,225
C:/Xu_ly_anh/output\anh_1_224.txt,198,183,472,186,472,222,198,225
C:/Xu_ly_anh/output\anh_1_225.txt,198,183,472,186,472,222,198,225
C:/Xu_ly_anh/output\anh_1_226.txt,198,183,472,186,472,222,198,225
C:/Xu_ly_anh/output\anh_1_227.txt,198,183,472,186,472,222,198,225
C:/Xu_ly_anh/output\anh_1_228.txt,198,183,472,186,472,222,198,225
C:/Xu_ly_anh/output\anh_1_229.txt,198,183,472,186,472,222,198,225
C:/Xu_ly_anh/output\anh_1_23.txt,237,181,520,183,521,220,238,221
C:/Xu_ly_anh/output\anh_1_230.txt,198,183,472,186,472,222,198,225
C:/Xu_ly_anh/output\anh_1_231.txt,198,183,472,186,472,222,198,225
C:/Xu_ly_anh/output\anh_1_232.txt,198,183,472,186,472,222,198,225
C:/Xu_ly_anh/output\anh_1_233.txt,198,183,472,186,472,222,198,225
C:/Xu_ly_anh/output\anh_1_234.txt,198,183,472,186,472,222,198,225
C:/Xu_ly_anh/output\anh_1_235.txt,198,183,472,186,472,222,198,225
C:/Xu_ly_anh/output\anh_1_236.txt,198,183,472,186,472,222,198,225
C:/Xu_ly_anh/output\anh_1_237.txt,198,183,472,186,472,222,198,225
C:/Xu_ly_anh/output\anh_1_238.txt,198,183,472,186,472,222,198,225
C:/Xu_ly_anh/output\anh_1_239.txt,198,183,472,186,472,222,198,225
C:/Xu_ly_anh/output\anh_1_24.txt,237,182,519,183,520,221,237,220
C:/Xu_ly_anh/output\anh_1_240.txt,198,183,472,186,472,222,198,225
C:/Xu_ly_anh/output\anh_1_241.txt,198,183,472,186,472,222,198,225
C:/Xu_ly_anh/output\anh_1_242.txt,198,183,472,186,472,222,198,225
C:/Xu_ly_anh/output\anh_1_243.txt,198,183,472,186,472,222,198,225
C:/Xu_ly_anh/output\anh_1_244.txt,198,183,472,186,472,222,198,225
C:/Xu_ly_anh/output\anh_1_245.txt,198,183,472,186,472,222,198,225
C:/Xu_ly_anh/output\anh_1_246.txt,198,183,472,186,472,222,198,225
C:/Xu_ly_anh/output\anh_1_247.txt,198,183,472,186,472,222,198,225
C:/Xu_ly_anh/output\anh_1_248.txt,198,183,472,186,472,222,198,225
C:/Xu_ly_anh/output\anh_1_249.txt,198,183,472,186,472,222,198,225
C:/Xu_ly_anh/output\anh_1_25.txt,237,182,519,183,520,221,237,220
C:/Xu_ly_anh/output\anh_1_250.txt,198,183,472,186,472,222,198,225
C:/Xu_ly_anh/output\anh_1_251.txt,198,183,472,186,472,222,198,225
C:/Xu_ly_anh/output\anh_1_252.txt,198,183,472,186,472,222,198,225
C:/Xu_ly_anh/output\anh_1_253.txt,197,183,475,185,475,222,197,225
C:/Xu_ly_anh/output\anh_1_254.txt,198,183,472,186,472,222,198,225
C:/Xu_ly_anh/output\anh_1_255.txt,198,183,472,186,472,222,198,225
C:/Xu_ly_anh/output\anh_1_256.txt,198,183,472,186,472,222,198,225
C:/Xu_ly_anh/output\anh_1_257.txt,198,183,472,186,472,222,198,225
C:/Xu_ly_anh/output\anh_1_258.txt,198,183,472,186,472,222,198,225
C:/Xu_ly_anh/output\anh_1_259.txt,198,183,472,186,472,222,198,225
C:/Xu_ly_anh/output\anh_1_26.txt,238,182,521,180,521,221,238,221
C:/Xu_ly_anh/output\anh_1_260.txt,198,183,472,186,472,222,198,225
C:/Xu_ly_anh/output\anh_1_261.txt,198,183,472,186,472,222,198,225
C:/Xu_ly_anh/output\anh_1_262.txt,198,183,472,186,472,222,198,225
C:/Xu_ly_anh/output\anh_1_263.txt,198,183,472,186,472,222,198,225
C:/Xu_ly_anh/output\anh_1_264.txt,198,183,472,186,472,222,198,225
C:/Xu_ly_anh/output\anh_1_265.txt,198,183,472,186,472,222,198,225
C:/Xu_ly_anh/output\anh_1_266.txt,198,183,472,186,472,222,198,225
C:/Xu_ly_anh/output\anh_1_267.txt,198,183,472,186,472,222,198,225
C:/Xu_ly_anh/output\anh_1_268.txt,198,183,472,186,472,222,198,225
C:/Xu_ly_anh/output\anh_1_269.txt,198,183,472,186,472,222,198,225
C:/Xu_ly_anh/output\anh_1_27.txt,238,182,521,180,521,221,238,221
C:/Xu_ly_anh/output\anh_1_270.txt,198,183,472,186,472,222,198,225
C:/Xu_ly_anh/output\anh_1_271.txt,204,182,465,186,467,223,204,224
C:/Xu_ly_anh/output\anh_1_272.txt,204,182,465,186,467,223,204,224
C:/Xu_ly_anh/output\anh_1_273.txt,204,182,465,186,467,223,204,224
C:/Xu_ly_anh/output\anh_1_274.txt,204,182,465,186,467,223,204,224
C:/Xu_ly_anh/output\anh_1_275.txt,204,182,465,186,467,223,204,224
C:/Xu_ly_anh/output\anh_1_276.txt,204,182,465,186,467,223,204,224
C:/Xu_ly_anh/output\anh_1_277.txt,204,182,465,186,467,223,204,224
C:/Xu_ly_anh/output\anh_1_278.txt,204,182,465,186,467,223,204,224
C:/Xu_ly_anh/output\anh_1_279.txt,204,182,465,186,467,223,204,224
C:/Xu_ly_anh/output\anh_1_28.txt,238,182,521,180,521,221,238,221
C:/Xu_ly_anh/output\anh_1_280.txt,204,182,465,186,467,223,204,224
C:/Xu_ly_anh/output\anh_1_281.txt,204,182,465,186,467,223,204,224
C:/Xu_ly_anh/output\anh_1_282.txt,204,182,465,186,467,223,204,224
C:/Xu_ly_anh/output\anh_1_283.txt,204,182,465,186,467,223,204,224
C:/Xu_ly_anh/output\anh_1_284.txt,204,182,465,186,467,223,204,224
C:/Xu_ly_anh/output\anh_1_285.txt,204,182,465,186,467,223,204,224
C:/Xu_ly_anh/output\anh_1_286.txt,204,182,465,186,467,223,204,224
C:/Xu_ly_anh/output\anh_1_287.txt,204,182,465,186,467,223,204,224
C:/Xu_ly_anh/output\anh_1_288.txt,204,182,465,186,467,223,204,224
C:/Xu_ly_anh/output\anh_1_289.txt,204,182,465,186,467,223,204,224
C:/Xu_ly_anh/output\anh_1_29.txt,238,182,520,182,521,221,238,221
C:/Xu_ly_anh/output\anh_1_290.txt,204,182,465,186,467,223,204,224
C:/Xu_ly_anh/output\anh_1_291.txt,204,182,465,186,467,223,204,224
C:/Xu_ly_anh/output\anh_1_292.txt,204,182,465,186,467,223,204,224
C:/Xu_ly_anh/output\anh_1_293.txt,204,182,465,186,467,223,204,224
C:/Xu_ly_anh/output\anh_1_294.txt,204,182,465,186,467,223,204,224
C:/Xu_ly_anh/output\anh_1_295.txt,204,182,465,186,467,223,204,224
C:/Xu_ly_anh/output\anh_1_296.txt,204,182,465,186,467,223,204,224
C:/Xu_ly_anh/output\anh_1_297.txt,204,182,465,186,467,223,204,224
C:/Xu_ly_anh/output\anh_1_298.txt,204,182,465,186,467,223,204,224
C:/Xu_ly_anh/output\anh_1_299.txt,204,182,465,186,467,223,204,224
C:/Xu_ly_anh/output\anh_1_3.txt,197,184,479,184,480,223,197,223
C:/Xu_ly_anh/output\anh_1_30.txt,238,182,520,182,521,221,238,221
C:/Xu_ly_anh/output\anh_1_300.txt,204,182,465,186,467,223,204,224
C:/Xu_ly_anh/output\anh_1_301.txt,204,182,465,186,467,223,204,224
C:/Xu_ly_anh/output\anh_1_302.txt,204,182,465,186,467,223,204,224
C:/Xu_ly_anh/output\anh_1_303.txt,204,182,465,186,467,223,204,224
C:/Xu_ly_anh/output\anh_1_304.txt,204,182,465,186,467,223,204,224
C:/Xu_ly_anh/output\anh_1_305.txt,204,182,465,186,467,223,204,224
C:/Xu_ly_anh/output\anh_1_306.txt,204,182,465,186,467,223,204,224
C:/Xu_ly_anh/output\anh_1_307.txt,204,182,465,186,467,223,204,224
C:/Xu_ly_anh/output\anh_1_308.txt,204,182,465,186,467,223,204,224
C:/Xu_ly_anh/output\anh_1_309.txt,212,183,446,188,446,222,212,226
C:/Xu_ly_anh/output\anh_1_31.txt,238,182,519,182,520,220,238,221
C:/Xu_ly_anh/output\anh_1_310.txt,212,183,446,190,446,222,212,226
C:/Xu_ly_anh/output\anh_1_311.txt,212,183,446,190,446,222,212,226
C:/Xu_ly_anh/output\anh_1_312.txt,212,183,446,190,446,222,212,226
C:/Xu_ly_anh/output\anh_1_313.txt,212,183,446,190,446,222,212,226
C:/Xu_ly_anh/output\anh_1_314.txt,212,183,446,190,446,222,212,226
C:/Xu_ly_anh/output\anh_1_315.txt,212,183,446,190,446,222,212,226
C:/Xu_ly_anh/output\anh_1_316.txt,212,183,446,190,446,222,212,226
C:/Xu_ly_anh/output\anh_1_317.txt,212,183,446,190,446,222,212,226
C:/Xu_ly_anh/output\anh_1_318.txt,212,183,446,190,446,222,212,226
C:/Xu_ly_anh/output\anh_1_319.txt,212,183,446,190,446,222,212,226
C:/Xu_ly_anh/output\anh_1_32.txt,237,182,518,182,518,221,237,222
C:/Xu_ly_anh/output\anh_1_320.txt,214,183,446,190,446,222,214,224
C:/Xu_ly_anh/output\anh_1_321.txt,214,183,446,190,446,222,214,224
C:/Xu_ly_anh/output\anh_1_322.txt,214,183,446,190,446,222,214,224
C:/Xu_ly_anh/output\anh_1_323.txt,214,183,446,190,446,222,214,224
C:/Xu_ly_anh/output\anh_1_324.txt,214,183,446,190,446,222,214,224
C:/Xu_ly_anh/output\anh_1_325.txt,214,183,446,190,446,222,214,224
C:/Xu_ly_anh/output\anh_1_326.txt,214,183,446,190,446,222,214,224
C:/Xu_ly_anh/output\anh_1_327.txt,214,183,446,190,446,222,214,224
C:/Xu_ly_anh/output\anh_1_328.txt,214,183,446,190,446,222,214,224
C:/Xu_ly_anh/output\anh_1_329.txt,214,183,446,190,446,222,214,224
C:/Xu_ly_anh/output\anh_1_33.txt,237,182,519,181,521,217,237,223
C:/Xu_ly_anh/output\anh_1_330.txt,212,183,446,190,446,222,212,226
C:/Xu_ly_anh/output\anh_1_331.txt,212,183,446,190,446,222,212,226
C:/Xu_ly_anh/output\anh_1_332.txt,212,183,446,190,446,222,212,226
C:/Xu_ly_anh/output\anh_1_333.txt,212,183,446,190,446,222,212,226
C:/Xu_ly_anh/output\anh_1_334.txt,212,183,446,190,446,222,212,226
C:/Xu_ly_anh/output\anh_1_335.txt,239,185,522,184,522,224,239,224
C:/Xu_ly_anh/output\anh_1_336.txt,239,185,522,184,522,224,239,224
C:/Xu_ly_anh/output\anh_1_337.txt,239,185,522,184,522,224,239,224
C:/Xu_ly_anh/output\anh_1_338.txt,239,185,522,184,522,224,239,224
C:/Xu_ly_anh/output\anh_1_339.txt,239,185,522,184,522,224,239,224
C:/Xu_ly_anh/output\anh_1_34.txt,238,182,521,182,520,222,237,223
C:/Xu_ly_anh/output\anh_1_340.txt,238,186,521,184,521,224,238,225
C:/Xu_ly_anh/output\anh_1_341.txt,238,186,521,184,521,224,238,225
C:/Xu_ly_anh/output\anh_1_342.txt,238,186,521,184,521,224,238,225
C:/Xu_ly_anh/output\anh_1_343.txt,238,186,521,184,521,224,238,225
C:/Xu_ly_anh/output\anh_1_344.txt,238,186,521,184,521,224,238,225
C:/Xu_ly_anh/output\anh_1_345.txt,238,186,521,184,521,224,238,225
C:/Xu_ly_anh/output\anh_1_346.txt,238,186,521,184,521,224,238,225
C:/Xu_ly_anh/output\anh_1_347.txt,238,186,521,184,521,224,238,225
C:/Xu_ly_anh/output\anh_1_348.txt,238,186,521,184,521,224,238,225
C:/Xu_ly_anh/output\anh_1_349.txt,238,186,521,184,521,224,238,225
C:/Xu_ly_anh/output\anh_1_35.txt,237,182,519,182,518,221,237,221
C:/Xu_ly_anh/output\anh_1_350.txt,240,185,522,183,522,224,240,224
C:/Xu_ly_anh/output\anh_1_351.txt,240,185,522,183,522,224,240,224
C:/Xu_ly_anh/output\anh_1_352.txt,240,185,522,183,522,224,240,224
C:/Xu_ly_anh/output\anh_1_353.txt,240,185,522,183,522,224,240,224
C:/Xu_ly_anh/output\anh_1_354.txt,240,185,522,183,522,224,240,224
C:/Xu_ly_anh/output\anh_1_355.txt,240,185,522,183,522,224,240,224
C:/Xu_ly_anh/output\anh_1_356.txt,240,185,522,183,522,224,240,224
C:/Xu_ly_anh/output\anh_1_357.txt,240,185,522,183,522,224,240,224
C:/Xu_ly_anh/output\anh_1_358.txt,240,185,522,183,522,224,240,224
C:/Xu_ly_anh/output\anh_1_359.txt,240,185,522,183,522,224,240,224
C:/Xu_ly_anh/output\anh_1_36.txt,237,182,519,182,519,222,237,222
C:/Xu_ly_anh/output\anh_1_360.txt,239,184,523,183,523,224,239,225
C:/Xu_ly_anh/output\anh_1_361.txt,239,184,523,183,523,224,239,225
C:/Xu_ly_anh/output\anh_1_362.txt,239,184,523,183,523,224,239,225
C:/Xu_ly_anh/output\anh_1_363.txt,239,184,523,183,523,224,239,225
C:/Xu_ly_anh/output\anh_1_364.txt,239,184,523,183,523,224,239,225
C:/Xu_ly_anh/output\anh_1_365.txt,239,184,523,183,523,224,239,225
C:/Xu_ly_anh/output\anh_1_366.txt,160,184,443,185,443,225,160,226
C:/Xu_ly_anh/output\anh_1_369.txt,160,184,443,185,443,225,160,226
C:/Xu_ly_anh/output\anh_1_37.txt,237,182,520,181,520,221,237,222
C:/Xu_ly_anh/output\anh_1_370.txt,160,184,443,185,443,225,160,226
C:/Xu_ly_anh/output\anh_1_371.txt,160,184,443,185,443,225,160,226
C:/Xu_ly_anh/output\anh_1_372.txt,160,184,443,185,443,225,160,226
C:/Xu_ly_anh/output\anh_1_373.txt,160,184,443,185,443,225,160,226
C:/Xu_ly_anh/output\anh_1_374.txt,160,184,443,185,443,225,160,226
C:/Xu_ly_anh/output\anh_1_375.txt,160,184,443,185,443,225,160,226
C:/Xu_ly_anh/output\anh_1_376.txt,160,184,443,185,443,225,160,226
C:/Xu_ly_anh/output\anh_1_377.txt,160,184,443,185,443,225,160,226
C:/Xu_ly_anh/output\anh_1_378.txt,160,184,443,185,443,225,160,226
C:/Xu_ly_anh/output\anh_1_379.txt,160,184,443,185,443,225,160,226
C:/Xu_ly_anh/output\anh_1_38.txt,237,181,519,182,519,220,237,221
C:/Xu_ly_anh/output\anh_1_380.txt,159,185,444,185,445,223,159,225
C:/Xu_ly_anh/output\anh_1_381.txt,159,185,444,185,445,222,159,225
C:/Xu_ly_anh/output\anh_1_382.txt,159,185,444,185,445,222,159,225
C:/Xu_ly_anh/output\anh_1_383.txt,159,185,444,185,445,222,159,225
C:/Xu_ly_anh/output\anh_1_384.txt,159,185,444,185,445,222,159,225
C:/Xu_ly_anh/output\anh_1_385.txt,159,185,444,185,445,222,159,225
C:/Xu_ly_anh/output\anh_1_386.txt,159,185,444,185,445,222,159,225
C:/Xu_ly_anh/output\anh_1_387.txt,159,185,444,185,445,222,159,225
C:/Xu_ly_anh/output\anh_1_388.txt,159,185,444,185,445,222,159,225
C:/Xu_ly_anh/output\anh_1_389.txt,159,185,444,185,445,222,159,225
C:/Xu_ly_anh/output\anh_1_39.txt,237,182,520,181,520,223,236,222
C:/Xu_ly_anh/output\anh_1_390.txt,159,184,443,184,443,225,159,224
C:/Xu_ly_anh/output\anh_1_391.txt,159,184,443,184,443,225,159,224
C:/Xu_ly_anh/output\anh_1_392.txt,159,184,443,184,443,225,159,224
C:/Xu_ly_anh/output\anh_1_393.txt,159,184,443,184,443,225,159,224
C:/Xu_ly_anh/output\anh_1_394.txt,159,184,443,184,443,225,159,224
C:/Xu_ly_anh/output\anh_1_395.txt,159,184,443,184,443,225,159,224
C:/Xu_ly_anh/output\anh_1_396.txt,159,184,443,184,443,225,159,224
C:/Xu_ly_anh/output\anh_1_397.txt,159,184,443,184,443,225,159,224
C:/Xu_ly_anh/output\anh_1_398.txt,159,184,443,184,443,225,159,224
C:/Xu_ly_anh/output\anh_1_399.txt,159,184,443,184,443,225,159,224
C:/Xu_ly_anh/output\anh_1_4.txt,196,183,480,184,480,224,197,224
C:/Xu_ly_anh/output\anh_1_40.txt,237,182,519,182,520,221,237,220
C:/Xu_ly_anh/output\anh_1_400.txt,159,185,444,186,444,225,159,225
C:/Xu_ly_anh/output\anh_1_401.txt,159,185,444,186,444,225,159,225
C:/Xu_ly_anh/output\anh_1_41.txt,237,182,519,182,520,221,237,220
C:/Xu_ly_anh/output\anh_1_42.txt,237,182,519,182,520,221,237,220
C:/Xu_ly_anh/output\anh_1_43.txt,237,182,519,182,520,221,237,220
C:/Xu_ly_anh/output\anh_1_44.txt,237,182,519,182,520,221,237,220
C:/Xu_ly_anh/output\anh_1_45.txt,237,182,519,182,520,221,237,220
C:/Xu_ly_anh/output\anh_1_46.txt,237,182,519,182,520,221,237,220
C:/Xu_ly_anh/output\anh_1_47.txt,237,182,519,182,520,221,237,220
C:/Xu_ly_anh/output\anh_1_48.txt,237,182,519,182,520,221,237,220
C:/Xu_ly_anh/output\anh_1_49.txt,237,182,519,182,520,221,237,220
C:/Xu_ly_anh/output\anh_1_5.txt,198,185,480,184,480,223,198,223
C:/Xu_ly_anh/output\anh_1_50.txt,237,182,519,182,520,221,237,220
C:/Xu_ly_anh/output\anh_1_51.txt,237,182,519,182,520,221,237,220
C:/Xu_ly_anh/output\anh_1_52.txt,65,191,353,190,353,230,65,230
C:/Xu_ly_anh/output\anh_1_53.txt,65,191,353,190,353,230,65,230
C:/Xu_ly_anh/output\anh_1_54.txt,65,191,353,190,353,230,65,230
C:/Xu_ly_anh/output\anh_1_55.txt,65,191,353,190,353,230,65,230
C:/Xu_ly_anh/output\anh_1_56.txt,65,191,353,190,353,230,65,230
C:/Xu_ly_anh/output\anh_1_57.txt,67,190,353,190,353,230,67,230
C:/Xu_ly_anh/output\anh_1_58.txt,67,190,353,190,353,230,68,230
C:/Xu_ly_anh/output\anh_1_59.txt,67,190,353,190,353,230,68,230
C:/Xu_ly_anh/output\anh_1_6.txt,197,184,483,184,482,225,197,225
C:/Xu_ly_anh/output\anh_1_60.txt,66,190,351,189,351,231,66,232
C:/Xu_ly_anh/output\anh_1_61.txt,66,190,351,189,351,231,66,231
C:/Xu_ly_anh/output\anh_1_62.txt,66,190,351,189,351,231,66,231
C:/Xu_ly_anh/output\anh_1_63.txt,66,190,351,189,351,231,66,231
C:/Xu_ly_anh/output\anh_1_64.txt,66,190,351,189,351,231,66,231
C:/Xu_ly_anh/output\anh_1_65.txt,66,190,352,191,352,231,66,231
C:/Xu_ly_anh/output\anh_1_66.txt,66,190,352,191,352,231,66,231
C:/Xu_ly_anh/output\anh_1_67.txt,66,190,352,191,352,231,66,231
C:/Xu_ly_anh/output\anh_1_68.txt,66,190,352,191,352,231,66,231
C:/Xu_ly_anh/output\anh_1_69.txt,66,190,352,191,352,231,66,231
C:/Xu_ly_anh/output\anh_1_7.txt,197,184,481,184,481,224,197,223
C:/Xu_ly_anh/output\anh_1_70.txt,67,191,352,191,352,231,67,230
C:/Xu_ly_anh/output\anh_1_71.txt,67,191,352,191,352,231,67,230
C:/Xu_ly_anh/output\anh_1_72.txt,67,191,352,191,352,231,67,230
C:/Xu_ly_anh/output\anh_1_73.txt,67,191,352,191,352,231,67,230
C:/Xu_ly_anh/output\anh_1_74.txt,67,191,352,191,352,231,67,230
C:/Xu_ly_anh/output\anh_1_75.txt,67,191,352,191,352,231,67,230
C:/Xu_ly_anh/output\anh_1_76.txt,67,191,352,191,352,231,67,230
C:/Xu_ly_anh/output\anh_1_77.txt,66,190,352,191,352,231,66,231
C:/Xu_ly_anh/output\anh_1_78.txt,66,190,352,191,352,231,66,231
C:/Xu_ly_anh/output\anh_1_79.txt,67,191,352,191,352,231,67,230
C:/Xu_ly_anh/output\anh_1_8.txt,197,184,480,184,481,223,197,223
C:/Xu_ly_anh/output\anh_1_80.txt,67,191,352,191,352,231,68,231
C:/Xu_ly_anh/output\anh_1_81.txt,67,191,352,191,352,231,68,231
C:/Xu_ly_anh/output\anh_1_82.txt,67,191,352,191,352,231,68,231
C:/Xu_ly_anh/output\anh_1_83.txt,67,191,352,191,352,231,68,231
C:/Xu_ly_anh/output\anh_1_84.txt,66,190,352,191,352,231,66,231
C:/Xu_ly_anh/output\anh_1_85.txt,67,191,352,191,352,231,68,231
C:/Xu_ly_anh/output\anh_1_86.txt,67,191,352,191,352,231,68,231
C:/Xu_ly_anh/output\anh_1_87.txt,67,191,352,191,352,231,68,231
C:/Xu_ly_anh/output\anh_1_88.txt,67,191,352,191,352,231,68,231
C:/Xu_ly_anh/output\anh_1_89.txt,67,191,352,191,352,231,68,231
C:/Xu_ly_anh/output\anh_1_9.txt,197,184,481,184,481,224,197,224
C:/Xu_ly_anh/output\anh_1_90.txt,68,190,352,191,352,231,67,232
C:/Xu_ly_anh/output\anh_1_91.txt,66,190,352,191,352,231,66,231
C:/Xu_ly_anh/output\anh_1_92.txt,66,190,352,191,352,231,66,231
C:/Xu_ly_anh/output\anh_1_93.txt,66,190,352,191,352,231,66,231
C:/Xu_ly_anh/output\anh_1_94.txt,198,186,477,185,477,225,198,225
C:/Xu_ly_anh/output\anh_1_95.txt,198,186,477,185,477,225,198,225
C:/Xu_ly_anh/output\anh_1_96.txt,198,186,477,185,477,225,198,225
C:/Xu_ly_anh/output\anh_1_97.txt,198,186,477,185,477,225,198,225
C:/Xu_ly_anh/output\anh_1_98.txt,198,186,477,185,477,225,198,225
C:/Xu_ly_anh/output\anh_1_99.txt,198,186,477,185,477,225,198,225
C:/Xu_ly_anh/output\anh_2_0.txt,147,197,432,193,433,235,147,238
C:/Xu_ly_anh/output\anh_2_1.txt,147,197,432,193,433,235,147,238
C:/Xu_ly_anh/output\anh_2_10.txt,147,197,432,193,433,235,147,238
C:/Xu_ly_anh/output\anh_2_100.txt,151,199,426,194,426,234,151,236
C:/Xu_ly_anh/output\anh_2_101.txt,151,199,426,194,426,234,151,236
C:/Xu_ly_anh/output\anh_2_102.txt,151,199,426,194,426,234,151,236
C:/Xu_ly_anh/output\anh_2_103.txt,151,199,426,194,426,234,151,236
C:/Xu_ly_anh/output\anh_2_104.txt,151,199,426,194,426,234,151,236
C:/Xu_ly_anh/output\anh_2_105.txt,151,199,426,194,426,234,151,236
C:/Xu_ly_anh/output\anh_2_106.txt,151,199,426,194,426,234,151,236
C:/Xu_ly_anh/output\anh_2_107.txt,151,199,426,194,426,234,151,236
C:/Xu_ly_anh/output\anh_2_108.txt,151,199,426,194,426,234,151,236
C:/Xu_ly_anh/output\anh_2_109.txt,151,199,426,194,426,234,151,236
C:/Xu_ly_anh/output\anh_2_11.txt,148,197,432,192,434,234,147,238
C:/Xu_ly_anh/output\anh_2_110.txt,151,199,426,194,426,234,151,236
C:/Xu_ly_anh/output\anh_2_111.txt,151,199,426,194,426,234,151,236
C:/Xu_ly_anh/output\anh_2_112.txt,151,199,426,194,426,234,151,236
C:/Xu_ly_anh/output\anh_2_113.txt,151,199,426,194,426,234,151,236
C:/Xu_ly_anh/output\anh_2_114.txt,151,199,426,194,426,234,151,236
C:/Xu_ly_anh/output\anh_2_115.txt,151,199,426,194,426,234,151,236
C:/Xu_ly_anh/output\anh_2_116.txt,151,199,426,194,426,234,151,236
C:/Xu_ly_anh/output\anh_2_117.txt,151,199,426,194,426,234,151,236
C:/Xu_ly_anh/output\anh_2_118.txt,151,199,426,194,426,234,151,236
C:/Xu_ly_anh/output\anh_2_119.txt,151,199,426,194,426,234,151,236
C:/Xu_ly_anh/output\anh_2_12.txt,146,199,432,195,433,234,146,238
C:/Xu_ly_anh/output\anh_2_120.txt,151,199,426,194,426,234,151,236
C:/Xu_ly_anh/output\anh_2_121.txt,151,199,426,194,426,234,151,236
C:/Xu_ly_anh/output\anh_2_122.txt,151,199,426,194,426,234,151,236
C:/Xu_ly_anh/output\anh_2_123.txt,151,199,426,194,426,234,151,236
C:/Xu_ly_anh/output\anh_2_124.txt,151,199,426,194,426,234,151,236
C:/Xu_ly_anh/output\anh_2_125.txt,151,199,426,194,426,234,151,236
C:/Xu_ly_anh/output\anh_2_126.txt,169,199,428,193,429,235,169,237
C:/Xu_ly_anh/output\anh_2_127.txt,169,199,428,193,429,235,169,237
C:/Xu_ly_anh/output\anh_2_128.txt,169,199,428,193,429,235,169,237
C:/Xu_ly_anh/output\anh_2_129.txt,169,199,428,192,428,234,170,237
C:/Xu_ly_anh/output\anh_2_13.txt,148,198,431,193,432,233,147,238
C:/Xu_ly_anh/output\anh_2_130.txt,169,199,428,192,428,234,170,237
C:/Xu_ly_anh/output\anh_2_131.txt,169,199,428,192,428,234,170,237
C:/Xu_ly_anh/output\anh_2_132.txt,169,199,428,192,428,234,170,237
C:/Xu_ly_anh/output\anh_2_133.txt,169,199,428,192,428,234,170,237
C:/Xu_ly_anh/output\anh_2_134.txt,169,199,428,192,428,234,170,237
C:/Xu_ly_anh/output\anh_2_135.txt,169,199,428,192,428,234,170,237
C:/Xu_ly_anh/output\anh_2_136.txt,169,199,428,192,428,234,170,237
C:/Xu_ly_anh/output\anh_2_137.txt,169,199,428,192,428,234,170,237
C:/Xu_ly_anh/output\anh_2_138.txt,169,199,428,192,428,234,170,237
C:/Xu_ly_anh/output\anh_2_139.txt,169,199,428,192,428,234,170,237
C:/Xu_ly_anh/output\anh_2_14.txt,146,197,432,192,433,232,146,238
C:/Xu_ly_anh/output\anh_2_140.txt,169,199,428,192,428,234,170,237
C:/Xu_ly_anh/output\anh_2_141.txt,169,199,428,192,428,234,170,237
C:/Xu_ly_anh/output\anh_2_142.txt,169,199,428,192,428,234,170,237
C:/Xu_ly_anh/output\anh_2_143.txt,169,199,428,192,428,234,170,237
C:/Xu_ly_anh/output\anh_2_144.txt,169,199,428,192,428,234,170,237
C:/Xu_ly_anh/output\anh_2_145.txt,169,199,428,192,428,234,170,237
C:/Xu_ly_anh/output\anh_2_146.txt,169,199,428,192,428,234,170,237
C:/Xu_ly_anh/output\anh_2_147.txt,169,199,428,192,428,234,170,237
C:/Xu_ly_anh/output\anh_2_148.txt,169,199,428,192,428,234,170,237
C:/Xu_ly_anh/output\anh_2_149.txt,169,199,428,192,428,234,170,237
C:/Xu_ly_anh/output\anh_2_15.txt,147,198,432,194,433,234,147,239
C:/Xu_ly_anh/output\anh_2_150.txt,169,199,428,192,428,234,170,237
C:/Xu_ly_anh/output\anh_2_151.txt,169,199,428,192,428,234,170,237
C:/Xu_ly_anh/output\anh_2_152.txt,169,199,428,192,428,234,170,237
C:/Xu_ly_anh/output\anh_2_153.txt,169,199,428,192,428,234,170,237
C:/Xu_ly_anh/output\anh_2_154.txt,169,199,428,192,428,234,170,237
C:/Xu_ly_anh/output\anh_2_155.txt,169,199,428,192,428,234,170,237
C:/Xu_ly_anh/output\anh_2_156.txt,169,199,428,192,428,234,170,237
C:/Xu_ly_anh/output\anh_2_157.txt,169,199,428,192,428,234,170,237
C:/Xu_ly_anh/output\anh_2_158.txt,169,199,428,192,428,234,170,237
C:/Xu_ly_anh/output\anh_2_159.txt,169,199,428,192,428,234,170,237
C:/Xu_ly_anh/output\anh_2_16.txt,147,198,432,194,432,233,146,238
C:/Xu_ly_anh/output\anh_2_160.txt,170,199,430,192,430,234,170,236
C:/Xu_ly_anh/output\anh_2_161.txt,170,199,430,192,430,234,170,236
C:/Xu_ly_anh/output\anh_2_162.txt,170,199,430,192,430,234,170,236
C:/Xu_ly_anh/output\anh_2_163.txt,170,199,430,192,430,234,170,236
C:/Xu_ly_anh/output\anh_2_164.txt,170,199,430,192,430,234,170,236
C:/Xu_ly_anh/output\anh_2_165.txt,170,199,430,192,430,234,170,236
C:/Xu_ly_anh/output\anh_2_166.txt,170,199,430,192,430,234,170,236
C:/Xu_ly_anh/output\anh_2_167.txt,177,199,435,189,435,234,178,236
C:/Xu_ly_anh/output\anh_2_168.txt,177,199,435,189,435,234,178,236
C:/Xu_ly_anh/output\anh_2_169.txt,177,199,435,189,435,234,178,236
C:/Xu_ly_anh/output\anh_2_17.txt,146,197,433,193,433,234,147,238
C:/Xu_ly_anh/output\anh_2_170.txt,177,199,435,189,435,234,178,236
C:/Xu_ly_anh/output\anh_2_171.txt,177,199,435,189,435,234,178,236
C:/Xu_ly_anh/output\anh_2_172.txt,177,199,435,189,435,234,178,236
C:/Xu_ly_anh/output\anh_2_173.txt,177,199,435,189,435,234,178,236
C:/Xu_ly_anh/output\anh_2_174.txt,177,199,435,189,435,234,178,236
C:/Xu_ly_anh/output\anh_2_175.txt,177,199,435,189,435,234,178,236
C:/Xu_ly_anh/output\anh_2_176.txt,177,199,435,189,435,234,178,236
C:/Xu_ly_anh/output\anh_2_177.txt,177,199,435,189,435,234,178,236
C:/Xu_ly_anh/output\anh_2_178.txt,177,199,435,189,435,234,178,236
C:/Xu_ly_anh/output\anh_2_179.txt,177,199,435,189,435,234,178,236
C:/Xu_ly_anh/output\anh_2_18.txt,147,196,432,194,432,234,147,238
C:/Xu_ly_anh/output\anh_2_180.txt,177,199,435,189,435,234,178,236
C:/Xu_ly_anh/output\anh_2_181.txt,177,199,435,189,435,234,178,236
C:/Xu_ly_anh/output\anh_2_182.txt,177,199,435,189,435,234,178,236
C:/Xu_ly_anh/output\anh_2_183.txt,177,199,435,189,435,234,178,236
C:/Xu_ly_anh/output\anh_2_184.txt,177,199,435,189,435,234,178,236
C:/Xu_ly_anh/output\anh_2_185.txt,177,199,435,189,435,234,178,236
C:/Xu_ly_anh/output\anh_2_186.txt,177,199,435,189,435,234,178,236
C:/Xu_ly_anh/output\anh_2_187.txt,177,199,435,189,435,234,178,236
C:/Xu_ly_anh/output\anh_2_188.txt,177,199,435,189,435,234,178,236
C:/Xu_ly_anh/output\anh_2_189.txt,179,199,435,189,436,235,179,236
C:/Xu_ly_anh/output\anh_2_19.txt,147,196,432,194,432,234,147,238
C:/Xu_ly_anh/output\anh_2_190.txt,179,199,435,189,435,234,179,236
C:/Xu_ly_anh/output\anh_2_191.txt,179,199,435,189,435,234,179,236
C:/Xu_ly_anh/output\anh_2_192.txt,179,199,435,189,435,234,179,236
C:/Xu_ly_anh/output\anh_2_193.txt,179,199,435,189,435,234,179,236
C:/Xu_ly_anh/output\anh_2_194.txt,179,199,435,189,435,234,179,236
C:/Xu_ly_anh/output\anh_2_195.txt,179,199,435,189,435,234,179,236
C:/Xu_ly_anh/output\anh_2_196.txt,179,199,435,189,435,234,179,236
C:/Xu_ly_anh/output\anh_2_197.txt,179,199,435,189,435,234,179,236
C:/Xu_ly_anh/output\anh_2_198.txt,179,199,435,189,435,234,179,236
C:/Xu_ly_anh/output\anh_2_199.txt,179,199,435,189,435,234,179,236
C:/Xu_ly_anh/output\anh_2_2.txt,147,197,431,194,432,233,147,237
C:/Xu_ly_anh/output\anh_2_20.txt,147,197,433,194,433,235,147,238
C:/Xu_ly_anh/output\anh_2_200.txt,179,199,433,190,434,234,179,236
C:/Xu_ly_anh/output\anh_2_201.txt,179,199,433,190,434,234,179,236
C:/Xu_ly_anh/output\anh_2_202.txt,179,199,433,190,434,234,179,236
C:/Xu_ly_anh/output\anh_2_203.txt,179,199,433,190,434,234,179,236
C:/Xu_ly_anh/output\anh_2_204.txt,179,199,433,190,434,234,179,236
C:/Xu_ly_anh/output\anh_2_205.txt,179,199,433,190,434,234,179,236
C:/Xu_ly_anh/output\anh_2_206.txt,179,199,433,190,434,234,179,236
C:/Xu_ly_anh/output\anh_2_207.txt,179,199,433,190,434,234,179,236
C:/Xu_ly_anh/output\anh_2_208.txt,179,199,433,190,434,234,179,236
C:/Xu_ly_anh/output\anh_2_209.txt,179,199,433,190,434,234,179,236
C:/Xu_ly_anh/output\anh_2_21.txt,147,197,431,192,432,232,147,236
C:/Xu_ly_anh/output\anh_2_210.txt,179,199,435,191,435,234,179,236
C:/Xu_ly_anh/output\anh_2_211.txt,179,199,435,191,435,234,179,236
C:/Xu_ly_anh/output\anh_2_212.txt,179,199,435,191,435,234,179,236
C:/Xu_ly_anh/output\anh_2_213.txt,179,199,435,191,435,234,179,236
C:/Xu_ly_anh/output\anh_2_214.txt,146,196,428,195,428,231,146,237
C:/Xu_ly_anh/output\anh_2_215.txt,146,196,428,195,428,231,146,237
C:/Xu_ly_anh/output\anh_2_216.txt,146,196,428,195,428,231,146,237
C:/Xu_ly_anh/output\anh_2_217.txt,146,196,428,195,428,231,146,237
C:/Xu_ly_anh/output\anh_2_218.txt,146,196,428,195,428,231,146,237
C:/Xu_ly_anh/output\anh_2_219.txt,146,196,428,195,428,231,146,237
C:/Xu_ly_anh/output\anh_2_22.txt,147,197,431,194,432,233,147,238
C:/Xu_ly_anh/output\anh_2_220.txt,145,195,428,195,428,231,145,238
C:/Xu_ly_anh/output\anh_2_221.txt,145,195,428,195,428,231,145,238
C:/Xu_ly_anh/output\anh_2_222.txt,145,195,428,195,428,231,145,238
C:/Xu_ly_anh/output\anh_2_223.txt,145,195,428,195,428,231,145,238
C:/Xu_ly_anh/output\anh_2_224.txt,145,195,428,195,428,231,145,238
C:/Xu_ly_anh/output\anh_2_225.txt,145,195,428,195,428,231,145,238
C:/Xu_ly_anh/output\anh_2_226.txt,145,195,428,195,428,231,145,238
C:/Xu_ly_anh/output\anh_2_227.txt,145,195,428,195,428,231,145,238
C:/Xu_ly_anh/output\anh_2_228.txt,145,195,428,195,428,231,145,238
C:/Xu_ly_anh/output\anh_2_229.txt,145,195,428,195,428,231,145,238
C:/Xu_ly_anh/output\anh_2_23.txt,186,193,472,189,472,229,186,232
C:/Xu_ly_anh/output\anh_2_230.txt,145,196,427,195,427,232,145,238
C:/Xu_ly_anh/output\anh_2_231.txt,145,196,427,195,427,232,145,238
C:/Xu_ly_anh/output\anh_2_232.txt,145,196,427,195,427,232,145,238
C:/Xu_ly_anh/output\anh_2_233.txt,145,196,427,195,427,232,145,238
C:/Xu_ly_anh/output\anh_2_234.txt,145,196,427,195,427,232,145,238
C:/Xu_ly_anh/output\anh_2_235.txt,145,196,427,195,427,232,145,238
C:/Xu_ly_anh/output\anh_2_236.txt,145,196,427,195,427,232,145,238
C:/Xu_ly_anh/output\anh_2_237.txt,145,196,427,195,427,232,145,238
C:/Xu_ly_anh/output\anh_2_238.txt,145,196,427,195,427,232,145,238
C:/Xu_ly_anh/output\anh_2_239.txt,145,196,427,195,427,232,145,238
C:/Xu_ly_anh/output\anh_2_24.txt,186,193,471,189,472,229,186,233
C:/Xu_ly_anh/output\anh_2_240.txt,145,196,427,195,427,232,145,238
C:/Xu_ly_anh/output\anh_2_241.txt,145,196,427,195,427,232,145,238
C:/Xu_ly_anh/output\anh_2_242.txt,145,196,427,195,427,232,145,238
C:/Xu_ly_anh/output\anh_2_243.txt,145,196,427,195,427,232,145,238
C:/Xu_ly_anh/output\anh_2_244.txt,145,196,427,195,427,232,145,238
C:/Xu_ly_anh/output\anh_2_245.txt,145,196,427,195,427,232,145,238
C:/Xu_ly_anh/output\anh_2_246.txt,145,196,427,195,427,232,145,238
C:/Xu_ly_anh/output\anh_2_247.txt,145,196,427,195,427,232,145,238
C:/Xu_ly_anh/output\anh_2_248.txt,145,196,427,195,427,232,145,238
C:/Xu_ly_anh/output\anh_2_249.txt,145,196,427,195,427,232,145,238
C:/Xu_ly_anh/output\anh_2_25.txt,186,193,472,189,473,230,186,233
C:/Xu_ly_anh/output\anh_2_250.txt,145,196,427,195,427,232,145,238
C:/Xu_ly_anh/output\anh_2_251.txt,145,196,427,195,427,232,145,238
C:/Xu_ly_anh/output\anh_2_252.txt,145,196,427,195,427,232,145,238
C:/Xu_ly_anh/output\anh_2_253.txt,145,196,427,195,427,232,145,238
C:/Xu_ly_anh/output\anh_2_254.txt,145,196,427,195,427,232,145,238
C:/Xu_ly_anh/output\anh_2_255.txt,145,196,427,195,427,232,145,238
C:/Xu_ly_anh/output\anh_2_256.txt,145,196,427,195,427,232,145,238
C:/Xu_ly_anh/output\anh_2_257.txt,145,196,427,195,427,232,145,238
C:/Xu_ly_anh/output\anh_2_258.txt,145,196,427,195,427,232,145,238
C:/Xu_ly_anh/output\anh_2_259.txt,145,196,427,195,427,232,145,238
C:/Xu_ly_anh/output\anh_2_26.txt,186,193,472,189,473,230,186,233
C:/Xu_ly_anh/output\anh_2_260.txt,145,196,427,195,427,232,145,238
C:/Xu_ly_anh/output\anh_2_261.txt,145,196,427,195,427,232,145,238
C:/Xu_ly_anh/output\anh_2_262.txt,145,196,427,195,427,232,145,238
C:/Xu_ly_anh/output\anh_2_263.txt,145,196,427,195,427,232,145,238
C:/Xu_ly_anh/output\anh_2_264.txt,145,196,427,195,427,232,145,238
C:/Xu_ly_anh/output\anh_2_265.txt,145,196,427,195,427,232,145,238
C:/Xu_ly_anh/output\anh_2_266.txt,145,196,427,195,427,232,145,238
C:/Xu_ly_anh/output\anh_2_267.txt,145,196,427,195,427,232,145,238
C:/Xu_ly_anh/output\anh_2_268.txt,145,196,427,195,427,232,145,238
C:/Xu_ly_anh/output\anh_2_269.txt,145,196,427,195,427,232,145,238
C:/Xu_ly_anh/output\anh_2_27.txt,186,193,472,189,473,230,186,233
C:/Xu_ly_anh/output\anh_2_270.txt,145,196,427,195,427,232,145,238
C:/Xu_ly_anh/output\anh_2_271.txt,144,195,422,193,425,231,145,238
C:/Xu_ly_anh/output\anh_2_272.txt,144,195,422,193,425,231,145,238
C:/Xu_ly_anh/output\anh_2_273.txt,144,195,422,195,424,231,145,238
C:/Xu_ly_anh/output\anh_2_274.txt,144,195,422,195,424,231,145,238
C:/Xu_ly_anh/output\anh_2_275.txt,144,195,422,195,424,231,145,238
C:/Xu_ly_anh/output\anh_2_276.txt,144,195,422,195,424,231,145,238
C:/Xu_ly_anh/output\anh_2_277.txt,144,195,422,195,424,231,145,238
C:/Xu_ly_anh/output\anh_2_278.txt,144,195,422,195,424,231,145,238
C:/Xu_ly_anh/output\anh_2_279.txt,144,195,422,195,424,231,145,238
C:/Xu_ly_anh/output\anh_2_28.txt,185,193,471,189,472,228,186,233
C:/Xu_ly_anh/output\anh_2_280.txt,144,195,423,196,423,233,145,237
C:/Xu_ly_anh/output\anh_2_281.txt,144,195,423,196,423,233,145,237
C:/Xu_ly_anh/output\anh_2_282.txt,144,195,423,196,423,233,145,237
C:/Xu_ly_anh/output\anh_2_283.txt,144,195,423,196,423,233,145,237
C:/Xu_ly_anh/output\anh_2_284.txt,144,195,423,196,423,233,145,237
C:/Xu_ly_anh/output\anh_2_285.txt,144,195,423,196,423,233,145,237
C:/Xu_ly_anh/output\anh_2_286.txt,144,195,423,196,423,233,145,237
C:/Xu_ly_anh/output\anh_2_287.txt,144,195,423,196,423,233,145,237
C:/Xu_ly_anh/output\anh_2_288.txt,144,195,423,196,423,233,145,237
C:/Xu_ly_anh/output\anh_2_289.txt,144,195,423,196,423,233,145,237
C:/Xu_ly_anh/output\anh_2_29.txt,186,193,472,189,473,230,186,233
C:/Xu_ly_anh/output\anh_2_290.txt,144,195,423,196,423,233,145,237
C:/Xu_ly_anh/output\anh_2_291.txt,144,195,423,196,423,233,145,237
C:/Xu_ly_anh/output\anh_2_292.txt,144,195,423,196,423,233,145,237
C:/Xu_ly_anh/output\anh_2_293.txt,144,195,423,196,423,233,145,237
C:/Xu_ly_anh/output\anh_2_294.txt,144,195,423,196,423,233,145,238
C:/Xu_ly_anh/output\anh_2_295.txt,145,194,423,196,423,233,145,238
C:/Xu_ly_anh/output\anh_2_296.txt,145,194,423,196,423,233,145,238
C:/Xu_ly_anh/output\anh_2_297.txt,145,194,423,196,423,233,145,238
C:/Xu_ly_anh/output\anh_2_298.txt,145,194,423,196,423,233,145,238
C:/Xu_ly_anh/output\anh_2_299.txt,145,194,423,196,423,233,145,238
C:/Xu_ly_anh/output\anh_2_3.txt,147,198,433,194,434,233,147,238
C:/Xu_ly_anh/output\anh_2_30.txt,186,193,473,189,473,229,186,234
C:/Xu_ly_anh/output\anh_2_300.txt,145,194,423,196,423,233,145,238
C:/Xu_ly_anh/output\anh_2_301.txt,145,194,423,196,423,233,145,238
C:/Xu_ly_anh/output\anh_2_302.txt,145,194,423,196,423,233,145,238
C:/Xu_ly_anh/output\anh_2_303.txt,145,194,423,196,423,233,145,238
C:/Xu_ly_anh/output\anh_2_304.txt,145,194,423,196,423,233,145,238
C:/Xu_ly_anh/output\anh_2_305.txt,145,194,423,196,423,233,145,238
C:/Xu_ly_anh/output\anh_2_306.txt,145,194,423,196,423,233,145,238
C:/Xu_ly_anh/output\anh_2_307.txt,145,194,423,196,423,233,145,238
C:/Xu_ly_anh/output\anh_2_308.txt,145,194,423,196,423,233,145,238
C:/Xu_ly_anh/output\anh_2_309.txt,158,196,407,197,409,232,158,235
C:/Xu_ly_anh/output\anh_2_31.txt,186,193,473,189,473,229,186,234
C:/Xu_ly_anh/output\anh_2_310.txt,160,195,408,197,409,232,160,235
C:/Xu_ly_anh/output\anh_2_311.txt,160,195,408,197,409,232,160,235
C:/Xu_ly_anh/output\anh_2_312.txt,160,195,408,197,409,232,160,235
C:/Xu_ly_anh/output\anh_2_313.txt,160,195,408,197,409,232,160,235
C:/Xu_ly_anh/output\anh_2_314.txt,160,195,408,197,409,232,160,235
C:/Xu_ly_anh/output\anh_2_315.txt,160,195,408,197,409,232,160,235
C:/Xu_ly_anh/output\anh_2_316.txt,160,195,408,197,409,232,160,235
C:/Xu_ly_anh/output\anh_2_317.txt,160,195,408,197,409,232,160,235
C:/Xu_ly_anh/output\anh_2_318.txt,160,195,408,197,409,232,160,235
C:/Xu_ly_anh/output\anh_2_319.txt,160,195,408,197,409,232,160,235
C:/Xu_ly_anh/output\anh_2_32.txt,187,193,472,189,472,228,187,232
C:/Xu_ly_anh/output\anh_2_320.txt,160,195,408,197,409,232,160,235
C:/Xu_ly_anh/output\anh_2_321.txt,160,195,408,197,409,232,160,235
C:/Xu_ly_anh/output\anh_2_322.txt,160,195,408,197,409,232,160,235
C:/Xu_ly_anh/output\anh_2_323.txt,160,195,408,197,409,232,160,235
C:/Xu_ly_anh/output\anh_2_324.txt,160,195,408,197,409,232,160,235
C:/Xu_ly_anh/output\anh_2_325.txt,160,195,408,197,409,232,160,235
C:/Xu_ly_anh/output\anh_2_326.txt,160,195,408,197,409,232,160,235
C:/Xu_ly_anh/output\anh_2_327.txt,160,195,408,197,409,232,160,235
C:/Xu_ly_anh/output\anh_2_328.txt,160,195,408,197,409,232,160,235
C:/Xu_ly_anh/output\anh_2_329.txt,160,195,408,197,409,232,160,235
C:/Xu_ly_anh/output\anh_2_33.txt,185,193,472,189,472,229,185,234
C:/Xu_ly_anh/output\anh_2_330.txt,160,195,408,197,409,232,160,235
C:/Xu_ly_anh/output\anh_2_331.txt,160,195,408,197,409,232,160,235
C:/Xu_ly_anh/output\anh_2_332.txt,160,195,408,197,409,232,160,235
C:/Xu_ly_anh/output\anh_2_333.txt,160,195,408,197,409,232,160,235
C:/Xu_ly_anh/output\anh_2_334.txt,160,195,408,197,409,232,160,235
C:/Xu_ly_anh/output\anh_2_335.txt,190,195,474,192,475,233,190,235
C:/Xu_ly_anh/output\anh_2_336.txt,190,195,474,192,475,233,190,235
C:/Xu_ly_anh/output\anh_2_337.txt,190,195,474,192,475,233,190,235
C:/Xu_ly_anh/output\anh_2_338.txt,190,195,474,192,475,233,190,235
C:/Xu_ly_anh/output\anh_2_339.txt,190,195,474,192,475,233,190,235
C:/Xu_ly_anh/output\anh_2_34.txt,185,192,470,188,471,229,185,232
C:/Xu_ly_anh/output\anh_2_340.txt,190,197,190,236,475,232,474,192
C:/Xu_ly_anh/output\anh_2_341.txt,190,197,190,236,475,232,474,192
C:/Xu_ly_anh/output\anh_2_342.txt,189,196,190,236,475,232,474,192
C:/Xu_ly_anh/output\anh_2_343.txt,189,196,190,236,475,232,474,192
C:/Xu_ly_anh/output\anh_2_344.txt,189,196,190,236,475,232,474,192
C:/Xu_ly_anh/output\anh_2_345.txt,189,196,190,236,475,232,474,192
C:/Xu_ly_anh/output\anh_2_346.txt,189,196,190,236,475,232,474,192
C:/Xu_ly_anh/output\anh_2_347.txt,189,196,190,236,475,232,474,192
C:/Xu_ly_anh/output\anh_2_348.txt,189,196,190,236,475,232,474,192
C:/Xu_ly_anh/output\anh_2_349.txt,189,196,190,236,475,232,474,192
C:/Xu_ly_anh/output\anh_2_35.txt,186,193,186,234,473,230,471,189
C:/Xu_ly_anh/output\anh_2_350.txt,189,196,189,236,476,232,475,190
C:/Xu_ly_anh/output\anh_2_351.txt,189,197,189,236,476,233,476,192
C:/Xu_ly_anh/output\anh_2_352.txt,189,197,189,236,476,233,476,192
C:/Xu_ly_anh/output\anh_2_353.txt,189,197,189,236,476,233,476,192
C:/Xu_ly_anh/output\anh_2_354.txt,189,197,189,236,476,233,476,192
C:/Xu_ly_anh/output\anh_2_355.txt,189,197,189,236,476,233,476,192
C:/Xu_ly_anh/output\anh_2_356.txt,189,197,189,236,476,233,476,192
C:/Xu_ly_anh/output\anh_2_357.txt,189,197,189,236,476,233,476,192
C:/Xu_ly_anh/output\anh_2_358.txt,189,197,189,236,476,233,476,192
C:/Xu_ly_anh/output\anh_2_359.txt,190,195,190,235,476,231,476,192
C:/Xu_ly_anh/output\anh_2_36.txt,186,193,186,233,472,229,471,190
C:/Xu_ly_anh/output\anh_2_360.txt,189,197,189,236,476,233,476,192
C:/Xu_ly_anh/output\anh_2_361.txt,189,197,189,236,476,233,476,192
C:/Xu_ly_anh/output\anh_2_362.txt,189,197,189,236,476,233,476,192
C:/Xu_ly_anh/output\anh_2_363.txt,189,197,189,236,476,233,476,192
C:/Xu_ly_anh/output\anh_2_364.txt,189,197,189,236,476,233,476,192
C:/Xu_ly_anh/output\anh_2_365.txt,189,197,189,236,476,233,476,192
C:/Xu_ly_anh/output\anh_2_366.txt,111,197,111,236,395,233,395,192
C:/Xu_ly_anh/output\anh_2_367.txt,111,197,111,236,395,233,395,192
C:/Xu_ly_anh/output\anh_2_368.txt,111,197,111,236,395,233,395,192
C:/Xu_ly_anh/output\anh_2_369.txt,111,197,111,236,395,233,395,192
C:/Xu_ly_anh/output\anh_2_37.txt,186,193,473,189,473,229,186,234
C:/Xu_ly_anh/output\anh_2_370.txt,111,197,111,236,395,233,395,192
C:/Xu_ly_anh/output\anh_2_371.txt,111,197,111,236,395,233,395,192
C:/Xu_ly_anh/output\anh_2_372.txt,111,197,111,236,395,233,395,192
C:/Xu_ly_anh/output\anh_2_373.txt,111,197,111,236,395,233,395,192
C:/Xu_ly_anh/output\anh_2_374.txt,111,197,111,236,395,233,395,192
C:/Xu_ly_anh/output\anh_2_375.txt,111,197,111,236,395,233,395,192
C:/Xu_ly_anh/output\anh_2_376.txt,111,197,111,236,395,233,395,192
C:/Xu_ly_anh/output\anh_2_377.txt,111,197,111,236,395,233,395,192
C:/Xu_ly_anh/output\anh_2_378.txt,111,197,111,236,395,233,395,192
C:/Xu_ly_anh/output\anh_2_379.txt,111,197,111,236,395,233,395,192
C:/Xu_ly_anh/output\anh_2_38.txt,186,193,471,190,471,230,187,233
C:/Xu_ly_anh/output\anh_2_380.txt,111,197,111,236,395,233,393,194
C:/Xu_ly_anh/output\anh_2_381.txt,111,197,111,236,395,233,393,194
C:/Xu_ly_anh/output\anh_2_382.txt,111,197,111,236,395,233,393,194
C:/Xu_ly_anh/output\anh_2_383.txt,111,197,111,236,395,233,393,194
C:/Xu_ly_anh/output\anh_2_384.txt,111,197,111,236,395,233,393,194
C:/Xu_ly_anh/output\anh_2_385.txt,111,197,111,236,396,234,394,195
C:/Xu_ly_anh/output\anh_2_386.txt,111,197,111,236,396,234,394,195
C:/Xu_ly_anh/output\anh_2_387.txt,111,197,111,236,396,234,394,195
C:/Xu_ly_anh/output\anh_2_388.txt,111,197,111,236,396,234,394,195
C:/Xu_ly_anh/output\anh_2_389.txt,111,197,111,236,396,234,394,195
C:/Xu_ly_anh/output\anh_2_390.txt,111,197,111,236,396,234,394,195
C:/Xu_ly_anh/output\anh_2_391.txt,111,197,111,236,396,234,394,195
C:/Xu_ly_anh/output\anh_2_392.txt,111,197,111,236,396,234,394,195
C:/Xu_ly_anh/output\anh_2_393.txt,111,197,111,236,396,234,394,195
C:/Xu_ly_anh/output\anh_2_394.txt,111,197,111,236,396,234,394,195
C:/Xu_ly_anh/output\anh_2_395.txt,111,197,111,236,396,234,394,195
C:/Xu_ly_anh/output\anh_2_396.txt,111,197,111,236,396,234,394,195
C:/Xu_ly_anh/output\anh_2_397.txt,111,197,111,236,396,234,394,195
C:/Xu_ly_anh/output\anh_2_398.txt,111,197,111,236,396,234,394,195
C:/Xu_ly_anh/output\anh_2_399.txt,111,197,111,236,396,234,394,195
C:/Xu_ly_anh/output\anh_2_4.txt,147,197,431,195,431,234,147,238
C:/Xu_ly_anh/output\anh_2_400.txt,111,197,111,236,396,234,394,195
C:/Xu_ly_anh/output\anh_2_401.txt,111,197,111,236,396,234,394,195
C:/Xu_ly_anh/output\anh_2_42.txt,186,193,472,190,472,229,186,234
C:/Xu_ly_anh/output\anh_2_43.txt,186,193,473,189,473,229,186,234
C:/Xu_ly_anh/output\anh_2_44.txt,186,193,472,190,472,229,186,234
C:/Xu_ly_anh/output\anh_2_45.txt,186,193,472,190,472,229,186,234
C:/Xu_ly_anh/output\anh_2_46.txt,186,193,472,190,472,229,186,234
C:/Xu_ly_anh/output\anh_2_47.txt,186,193,472,190,472,229,186,234
C:/Xu_ly_anh/output\anh_2_48.txt,186,193,472,190,472,229,186,234
C:/Xu_ly_anh/output\anh_2_49.txt,186,193,472,190,472,229,186,234
C:/Xu_ly_anh/output\anh_2_5.txt,147,196,432,194,432,233,147,237
C:/Xu_ly_anh/output\anh_2_50.txt,186,193,472,188,472,229,186,234
C:/Xu_ly_anh/output\anh_2_51.txt,186,193,472,188,472,229,186,234
C:/Xu_ly_anh/output\anh_2_52.txt,20,204,300,201,300,239,20,244
C:/Xu_ly_anh/output\anh_2_53.txt,20,204,300,201,300,239,20,244
C:/Xu_ly_anh/output\anh_2_54.txt,20,204,300,201,300,239,20,244
C:/Xu_ly_anh/output\anh_2_55.txt,20,204,300,201,300,239,20,244
C:/Xu_ly_anh/output\anh_2_56.txt,20,204,300,201,300,239,20,244
C:/Xu_ly_anh/output\anh_2_57.txt,20,204,300,201,300,239,20,244
C:/Xu_ly_anh/output\anh_2_58.txt,20,204,300,201,300,239,20,244
C:/Xu_ly_anh/output\anh_2_59.txt,20,204,300,201,300,239,20,244
C:/Xu_ly_anh/output\anh_2_6.txt,146,196,431,192,431,235,146,238
C:/Xu_ly_anh/output\anh_2_60.txt,20,204,300,201,300,239,20,244
C:/Xu_ly_anh/output\anh_2_61.txt,20,204,300,201,300,239,20,244
C:/Xu_ly_anh/output\anh_2_62.txt,20,204,300,201,300,239,20,244
C:/Xu_ly_anh/output\anh_2_63.txt,20,204,300,201,300,239,20,244
C:/Xu_ly_anh/output\anh_2_64.txt,20,204,300,201,300,239,20,244
C:/Xu_ly_anh/output\anh_2_65.txt,20,204,300,201,300,239,20,244
C:/Xu_ly_anh/output\anh_2_66.txt,20,204,300,201,300,239,20,244
C:/Xu_ly_anh/output\anh_2_67.txt,20,204,300,201,300,239,20,244
C:/Xu_ly_anh/output\anh_2_68.txt,20,204,300,201,300,239,20,244
C:/Xu_ly_anh/output\anh_2_69.txt,20,204,300,201,300,239,20,244
C:/Xu_ly_anh/output\anh_2_7.txt,146,196,431,193,431,233,147,237
C:/Xu_ly_anh/output\anh_2_70.txt,20,204,302,201,303,241,20,244
C:/Xu_ly_anh/output\anh_2_71.txt,20,204,302,201,303,241,20,244
C:/Xu_ly_anh/output\anh_2_72.txt,20,204,302,201,303,241,20,244
C:/Xu_ly_anh/output\anh_2_73.txt,20,204,302,201,303,241,20,244
C:/Xu_ly_anh/output\anh_2_74.txt,20,204,302,201,303,241,20,244
C:/Xu_ly_anh/output\anh_2_75.txt,20,204,302,201,303,241,20,244
C:/Xu_ly_anh/output\anh_2_76.txt,20,204,302,201,303,241,20,244
C:/Xu_ly_anh/output\anh_2_77.txt,20,204,302,201,303,241,20,244
C:/Xu_ly_anh/output\anh_2_78.txt,20,204,302,201,303,241,20,244
C:/Xu_ly_anh/output\anh_2_79.txt,20,204,302,201,303,241,20,244
C:/Xu_ly_anh/output\anh_2_8.txt,146,196,431,192,431,235,146,238
C:/Xu_ly_anh/output\anh_2_80.txt,20,204,302,201,303,241,20,244
C:/Xu_ly_anh/output\anh_2_81.txt,20,204,302,201,303,241,20,244
C:/Xu_ly_anh/output\anh_2_82.txt,20,204,302,201,303,241,20,244
C:/Xu_ly_anh/output\anh_2_83.txt,20,204,302,201,303,241,20,244
C:/Xu_ly_anh/output\anh_2_84.txt,20,204,302,201,303,241,20,244
C:/Xu_ly_anh/output\anh_2_85.txt,20,204,302,201,303,241,20,244
C:/Xu_ly_anh/output\anh_2_86.txt,20,204,302,201,303,241,20,244
C:/Xu_ly_anh/output\anh_2_87.txt,20,204,302,201,303,241,20,244
C:/Xu_ly_anh/output\anh_2_88.txt,20,204,302,201,303,241,20,244
C:/Xu_ly_anh/output\anh_2_89.txt,20,204,302,201,303,241,20,244
C:/Xu_ly_anh/output\anh_2_9.txt,146,196,431,192,431,235,146,238
C:/Xu_ly_anh/output\anh_2_90.txt,20,204,302,201,303,241,20,244
C:/Xu_ly_anh/output\anh_2_91.txt,20,204,302,201,303,241,20,244
C:/Xu_ly_anh/output\anh_2_92.txt,20,204,302,201,303,241,20,244
C:/Xu_ly_anh/output\anh_2_93.txt,20,204,303,200,304,241,20,244
C:/Xu_ly_anh/output\anh_2_94.txt,151,200,427,193,427,234,151,236
C:/Xu_ly_anh/output\anh_2_95.txt,151,200,427,193,427,234,151,236
C:/Xu_ly_anh/output\anh_2_96.txt,151,200,427,193,427,234,151,236
C:/Xu_ly_anh/output\anh_2_97.txt,151,200,427,193,427,234,151,236
C:/Xu_ly_anh/output\anh_2_98.txt,151,200,427,193,427,234,151,236
C:/Xu_ly_anh/output\anh_2_99.txt,151,200,427,193,427,234,151,236
C:/Xu_ly_anh/output\anh_2_99.txt,151,200,427,193,427,234,151,236
C:/Xu_ly_anh/output\anh_2_99.txt,151,200,427,193,427,234,151,236
C:/Xu_ly_anh/output\anh_2_99.txt,151,200,427,193,427,234,151,236
C:/Xu_ly_anh/output\anh_2_99.txt,151,200,427,193,427,234,151,236
C:/Xu_ly_anh/output\anh_2_99.txt,151,200,427,193,427,234,151,236
C:/Xu_ly_anh/output\anh_2_99.txt,151,200,427,193,427,234,151,236
C:/Xu_ly_anh/output\anh_2_99.txt,151,200,427,193,427,234,151,236
C:/Xu_ly_anh/output\anh_2_99.txt,151,200,427,193,427,234,151,236
C:/Xu_ly_anh/output\anh_2_99.txt,151,200,427,193,427,234,151,236
C:/Xu_ly_anh/output\anh_2_99.txt,151,200,427,193,427,234,151,236
C:/Xu_ly_anh/output\anh_2_99.txt,151,200,427,193,427,234,151,236
C:/Xu_ly_anh/output\anh_2_99.txt,151,200,427,193,427,234,151,236
C:/Xu_ly_anh/output\anh_2_99.txt,151,200,427,193,427,234,151,236
C:/Xu_ly_anh/output\anh_2_99.txt,151,200,427,193,427,234,151,236
C:/Xu_ly_anh/output\anh_2_99.txt,151,200,427,193,427,234,151,236
C:/Xu_ly_anh/output\anh_2_99.txt,151,200,427,193,427,234,151,236
C:/Xu_ly_anh/output\anh_2_99.txt,151,200,427,193,427,234,151,236
C:/Xu_ly_anh/output\anh_2_99.txt,151,200,427,193,427,234,151,236
C:/Xu_ly_anh/output\anh_2_99.txt,151,200,427,193,427,234,151,236
C:/Xu_ly_anh/output\anh_2_99.txt,151,200,427,193,427,234,151,236
C:/Xu_ly_anh/output\anh_2_99.txt,151,200,427,193,427,234,151,236
C:/Xu_ly_anh/output\anh_2_99.txt,151,200,427,193,427,234,151,236
C:/Xu_ly_anh/output\anh_2_99.txt,151,200,427,193,427,234,151,236
C:/Xu_ly_anh/output\anh_2_99.txt,151,200,427,193,427,234,151,236
C:/Xu_ly_anh/output\anh_2_99.txt,151,200,427,193,427,234,151,236
C:/Xu_ly_anh/output\anh_2_99.txt,151,200,427,193,427,234,151,236
C:/Xu_ly_anh/output\anh_2_99.txt,151,200,427,193,427,234,151,236
C:/Xu_ly_anh/output\anh_2_99.txt,151,200,427,193,427,234,151,236
C:/Xu_ly_anh/output\anh_2_99.txt,151,200,427,193,427,234,151,236
C:/Xu_ly_anh/output\anh_2_99.txt,151,200,427,193,427,234,151,236
C:/Xu_ly_anh/output\anh_2_99.txt,151,200,427,193,427,234,151,236
C:/Xu_ly_anh/output\anh_2_99.txt,151,200,427,193,427,234,151,236
C:/Xu_ly_anh/output\anh_2_99.txt,151,200,427,193,427,234,151,236
C:/Xu_ly_anh/output\anh_2_99.txt,151,200,427,193,427,234,151,236
C:/Xu_ly_anh/output\anh_2_99.txt,151,200,427,193,427,234,151,236
C:/Xu_ly_anh/output\anh_2_99.txt,151,200,427,193,427,234,151,236
C:/Xu_ly_anh/output\anh_2_99.txt,151,200,427,193,427,234,151,236
C:/Xu_ly_anh/output\anh_2_99.txt,151,200,427,193,427,234,151,236
C:/Xu_ly_anh/output\anh_2_99.txt,151,200,427,193,427,234,151,236
C:/Xu_ly_anh/output\anh_2_99.txt,151,200,427,193,427,234,151,236
C:/Xu_ly_anh/output\anh_2_99.txt,151,200,427,193,427,234,151,236
C:/Xu_ly_anh/output\anh_2_99.txt,151,200,427,193,427,234,151,236
C:/Xu_ly_anh/output\anh_2_99.txt,151,200,427,193,427,234,151,236
C:/Xu_ly_anh/output\anh_2_99.txt,151,200,427,193,427,234,151,236
C:/Xu_ly_anh/output\anh_2_99.txt,151,200,427,193,427,234,151,236
C:/Xu_ly_anh/output\anh_2_99.txt,151,200,427,193,427,234,151,236
C:/Xu_ly_anh/output\anh_2_99.txt,151,200,427,193,427,234,151,236
C:/Xu_ly_anh/output\anh_2_99.txt,151,200,427,193,427,234,151,236
C:/Xu_ly_anh/output\anh_2_99.txt,151,200,427,193,427,234,151,236
C:/Xu_ly_anh/output\anh_2_99.txt,151,200,427,193,427,234,151,236
C:/Xu_ly_anh/output\anh_2_99.txt,151,200,427,193,427,234,151,236
C:/Xu_ly_anh/output\anh_2_99.txt,151,200,427,193,427,234,151,236
C:/Xu_ly_anh/output\anh_2_99.txt,151,200,427,193,427,234,151,236
C:/Xu_ly_anh/output\anh_2_99.txt,151,200,427,193,427,234,151,236
C:/Xu_ly_anh/output\anh_2_99.txt,151,200,427,193,427,234,151,236
C:/Xu_ly_anh/output\anh_2_99.txt,151,200,427,193,427,234,151,236
C:/Xu_ly_anh/output\anh_2_99.txt,151,200,427,193,427,234,151,236
C:/Xu_ly_anh/output\anh_2_99.txt,151,200,427,193,427,234,151,236
C:/Xu_ly_anh/output\anh_2_99.txt,151,200,427,193,427,234,151,236
C:/Xu_ly_anh/output\anh_2_99.txt,151,200,427,193,427,234,151,236
C:/Xu_ly_anh/output\anh_2_99.txt,151,200,427,193,427,234,151,236
C:/Xu_ly_anh/output\anh_2_99.txt,151,200,427,193,427,234,151,236
C:/Xu_ly_anh/output\anh_2_99.txt,151,200,427,193,427,234,151,236
C:/Xu_ly_anh/output\anh_2_99.txt,151,200,427,193,427,234,151,236
C:/Xu_ly_anh/output\anh_2_99.txt,151,200,427,193,427,234,151,236
C:/Xu_ly_anh/output\anh_2_99.txt,151,200,427,193,427,234,151,236
C:/Xu_ly_anh/output\anh_2_99.txt,151,200,427,193,427,234,151,236
C:/Xu_ly_anh/output\anh_2_99.txt,151,200,427,193,427,234,151,236
C:/Xu_ly_anh/output\anh_2_99.txt,151,200,427,193,427,234,151,236
C:/Xu_ly_anh/output\anh_2_99.txt,151,200,427,193,427,234,151,236
C:/Xu_ly_anh/output\anh_2_99.txt,151,200,427,193,427,234,151,236
C:/Xu_ly_anh/output\anh_2_99.txt,151,200,427,193,427,234,151,236
C:/Xu_ly_anh/output\anh_2_99.txt,151,200,427,193,427,234,151,236
C:/Xu_ly_anh/output\anh_2_99.txt,151,200,427,193,427,234,151,236
C:/Xu_ly_anh/output\anh_2_99.txt,151,200,427,193,427,234,151,236
C:/Xu_ly_anh/output\anh_2_99.txt,151,200,427,193,427,234,151,236
C:/Xu_ly_anh/output\anh_2_99.txt,151,200,427,193,427,234,151,236
